sigma_m,d_m,W,noise_struct,direction,trials,std_emp_deg,std_eq13_deg,std_chained_theory_deg,ratio_emp_over_eq13,ratio_emp_over_chained,bias_emp_deg
0.02,0.3,1,chained,single,2000,5.447237019416911,5.401897896942637,5.401897896942637,1.0083931839030011,1.0083931839030011,0.08154389491276129
0.02,0.3,1,chained,multi,2000,5.595536572610839,5.401897896942637,5.401897896942637,1.0358464153455766,1.0358464153455766,0.10776727626079176
0.02,0.3,1,indep,single,2000,5.483330831233782,5.401897896942637,5.401897896942637,1.0150748747652625,1.0150748747652625,0.09197140499663971
0.02,0.3,1,indep,multi,2000,5.459335655069055,5.401897896942637,5.401897896942637,1.0106328848160806,1.0106328848160806,-0.05425469518777583
0.02,0.3,2,chained,single,2000,2.620969042098313,3.819718634205488,2.7009489484713183,0.6861680906618615,0.9703882198816559,0.02714289155104145
0.02,0.3,2,chained,multi,2000,3.7988687697754053,3.819718634205488,3.819718634205488,0.994541518256509,0.994541518256509,0.06392943174996675
0.02,0.3,2,indep,single,2000,3.8241331101028115,3.819718634205488,3.819718634205488,1.0011557070873733,1.0011557070873733,0.19188628537193375
0.02,0.3,2,indep,multi,2000,3.89938101999445,3.819718634205488,3.819718634205488,1.02085556383017,1.02085556383017,-0.04578262020541174
0.02,0.3,5,chained,single,2000,1.062177627513374,2.415802181015378,1.0803795793885274,0.43967905810356284,0.9831522622026464,0.04655978164808386
0.02,0.3,5,chained,multi,2000,2.462986065886814,2.415802181015378,2.415802181015378,1.019531352874102,1.019531352874102,0.00344386492255243
0.02,0.3,5,indep,single,2000,2.3740864778426563,2.415802181015378,2.415802181015378,0.9827321526983687,0.9827321526983687,0.008635111222336131
0.02,0.3,5,indep,multi,2000,2.4488456033277144,2.415802181015378,2.415802181015378,1.0136780331485784,1.0136780331485784,0.032779722487468965
0.02,0.3,10,chained,single,2000,0.5494656556714285,1.7082301042012251,0.5401897896942637,0.32165786934680013,1.0171714944527455,-0.003123204532784543
0.02,0.3,10,chained,multi,2000,1.7378814338308224,1.7082301042012251,1.7082301042012251,1.0173579247647448,1.0173579247647448,-0.03486219096254406
0.02,0.3,10,indep,single,2000,1.6777977434909295,1.7082301042012251,1.7082301042012251,0.9821848586818309,0.9821848586818309,-0.0725303559007081
0.02,0.3,10,indep,multi,2000,1.6758633567126673,1.7082301042012251,1.7082301042012251,0.9810524662872085,0.9810524662872085,-0.0004204577354330941
0.02,0.3,20,chained,single,2000,0.27110123580547824,1.207901090507689,0.27009489484713184,0.2244399296729938,1.0037258792281727,-0.0045522851906995695
0.02,0.3,20,chained,multi,2000,1.2270317077693755,1.207901090507689,1.207901090507689,1.015837900480449,1.015837900480449,0.0008302655350105468
0.02,0.3,20,indep,single,2000,1.1860086850562834,1.207901090507689,1.207901090507689,0.9818756638077013,0.9818756638077013,0.0005189873027296935
0.02,0.3,20,indep,multi,2000,1.2344702572633914,1.207901090507689,1.207901090507689,1.0219961443569319,1.0219961443569319,0.00017251264763501318
0.02,0.3,50,chained,single,2000,0.10606265210022091,0.7639437268410977,0.10803795793885272,0.13883568694096002,0.9817165570664544,0.0003700017210843845
0.02,0.3,50,chained,multi,2000,0.7600290596113526,0.7639437268410977,0.7639437268410977,0.9948757125790767,0.9948757125790767,0.03517685675571914
0.02,0.3,50,indep,single,2000,0.7659942001092045,0.7639437268410977,0.7639437268410977,1.0026840632314444,1.0026840632314444,-0.002114711685445892
0.02,0.3,50,indep,multi,2000,0.7597378797259206,0.7639437268410977,0.7639437268410977,0.994494559000349,0.994494559000349,-0.005431623845068644
0.02,0.3,100,chained,single,2000,0.05527778229096017,0.5401897896942637,0.05401897896942636,0.10233029824989151,1.0233029824989153,0.0016044017679357932
0.02,0.3,100,chained,multi,2000,0.5303184512939773,0.5401897896942637,0.5401897896942638,0.981726166268575,0.9817261662685748,0.024589601709330965
0.02,0.3,100,indep,single,2000,0.529911045448126,0.5401897896942637,0.5401897896942637,0.9809719760679757,0.9809719760679757,0.007988509468104121
0.02,0.3,100,indep,multi,2000,0.5451324318412358,0.5401897896942637,0.5401897896942637,1.009149825193419,1.009149825193419,-0.019222745259722417
0.02,0.5,1,chained,single,2000,3.2383049285754604,3.241138738165582,3.241138738165582,0.9991256747029208,0.9991256747029208,0.08425024233604093
0.02,0.5,1,chained,multi,2000,3.2161027464018694,3.241138738165582,3.241138738165582,0.9922755568995228,0.9922755568995228,-0.08531498860046566
0.02,0.5,1,indep,single,2000,3.255040019404896,3.241138738165582,3.241138738165582,1.00428901147477,1.00428901147477,0.07420375178323292
0.02,0.5,1,indep,multi,2000,3.2109693198735614,3.241138738165582,3.241138738165582,0.990691722653904,0.990691722653904,-0.2006635918846622
0.02,0.5,2,chained,single,2000,1.6606091872177873,2.291831180523293,1.620569369082791,0.724577447645433,1.0247072534498525,0.07202819669037855
0.02,0.5,2,chained,multi,2000,2.2972481895559453,2.291831180523293,2.291831180523293,1.0023636160807514,1.0023636160807514,-0.02371990207482165
0.02,0.5,2,indep,single,2000,2.3130770022929905,2.291831180523293,2.291831180523293,1.0092702385543277,1.0092702385543277,-0.0017622980809740164
0.02,0.5,2,indep,multi,2000,2.2807431983643522,2.291831180523293,2.291831180523293,0.9951619550981022,0.9951619550981022,-0.013960798567579636
0.02,0.5,5,chained,single,2000,0.6629043659886391,1.4494813086092266,0.6482277476331164,0.457339023312204,1.0226411448894492,0.0037703896683010307
0.02,0.5,5,chained,multi,2000,1.421582938623514,1.4494813086092266,1.4494813086092264,0.9807528597850764,0.9807528597850765,0.01954708168080273
0.02,0.5,5,indep,single,2000,1.432860271326049,1.4494813086092266,1.4494813086092266,0.98853311375286,0.98853311375286,-0.035933506151675766
0.02,0.5,5,indep,multi,2000,1.4494301026815624,1.4494813086092266,1.4494813086092266,0.9999646729299921,0.9999646729299921,-0.03632642285451202
0.02,0.5,10,chained,single,2000,0.32715808762341597,1.0249380625207352,0.3241138738165582,0.3191979101827896,1.0093924205434686,0.006300175604279609
0.02,0.5,10,chained,multi,2000,1.0193686224489225,1.0249380625207352,1.0249380625207352,0.9945660715749837,0.9945660715749837,0.012250460638395784
0.02,0.5,10,indep,single,2000,1.0213122239607075,1.0249380625207352,1.0249380625207352,0.996462382759881,0.996462382759881,0.011278989046525441
0.02,0.5,10,indep,multi,2000,1.0574649155765679,1.0249380625207352,1.0249380625207352,1.0317354328473627,1.0317354328473627,-0.008270975616889656
0.02,0.5,20,chained,single,2000,0.15930976018501083,0.7247406543046133,0.1620569369082791,0.21981623252233326,0.9830480769556745,0.0015494368991164624
0.02,0.5,20,chained,multi,2000,0.7086872121908527,0.7247406543046133,0.7247406543046132,0.9778493975487496,0.9778493975487497,0.02040562967429582
0.02,0.5,20,indep,single,2000,0.7169210398894984,0.7247406543046133,0.7247406543046133,0.9892104653317428,0.9892104653317428,0.012774582090661936
0.02,0.5,20,indep,multi,2000,0.7242114041772355,0.7247406543046133,0.7247406543046133,0.9992697385965114,0.9992697385965114,0.007116004378006701
0.02,0.5,50,chained,single,2000,0.06572114562510568,0.4583662361046586,0.06482277476331164,0.14338129741759512,1.0138588769930672,-0.00047003376291681383
0.02,0.5,50,chained,multi,2000,0.4496456989865692,0.4583662361046586,0.4583662361046586,0.9809747393433703,0.9809747393433703,0.018503291031917595
0.02,0.5,50,indep,single,2000,0.450836169966053,0.4583662361046586,0.4583662361046586,0.9835719441235496,0.9835719441235496,0.01303103420600904
0.02,0.5,50,indep,multi,2000,0.45075188205814554,0.4583662361046586,0.4583662361046586,0.9833880564344742,0.9833880564344742,0.003929964812534887
0.02,0.5,100,chained,single,2000,0.03342865238294048,0.3241138738165582,0.03241138738165582,0.103138603692912,1.03138603692912,-0.001156915229358176
0.02,0.5,100,chained,multi,2000,0.3255543271781306,0.3241138738165582,0.3241138738165582,1.004444281710655,1.004444281710655,0.012039148117001925
0.02,0.5,100,indep,single,2000,0.3254910133986127,0.3241138738165582,0.3241138738165582,1.0042489374670642,1.0042489374670642,0.00410596408427047
0.02,0.5,100,indep,multi,2000,0.32467104333000435,0.3241138738165582,0.3241138738165582,1.0017190548089945,1.0017190548089945,0.004477477146116463
0.02,1.0,1,chained,single,2000,1.627452987097328,1.620569369082791,1.620569369082791,1.004247654031887,1.004247654031887,-0.05569637643266029
0.02,1.0,1,chained,multi,2000,1.6480850834844336,1.620569369082791,1.620569369082791,1.016979041395319,1.016979041395319,0.024028871601039718
0.02,1.0,1,indep,single,2000,1.631501845167962,1.620569369082791,1.620569369082791,1.0067460710375875,1.0067460710375875,-0.04961038749051708
0.02,1.0,1,indep,multi,2000,1.5640884243656532,1.620569369082791,1.620569369082791,0.965147468664606,0.965147468664606,0.01116451381116602
0.02,1.0,2,chained,single,2000,0.8114868479153884,1.1459155902616465,0.8102846845413955,0.7081558666377006,1.001483630873109,0.020464751601500082
0.02,1.0,2,chained,multi,2000,1.1173574417822918,1.1459155902616465,1.1459155902616465,0.9750783140380924,0.9750783140380924,0.001411741388432571
0.02,1.0,2,indep,single,2000,1.1263070541016684,1.1459155902616465,1.1459155902616465,0.9828883241256008,0.9828883241256008,-0.013934859465789142
0.02,1.0,2,indep,multi,2000,1.1633254013703085,1.1459155902616465,1.1459155902616465,1.0151929262998218,1.0151929262998218,0.004636769355997057
0.02,1.0,5,chained,single,2000,0.3173679151375718,0.7247406543046133,0.3241138738165582,0.43790549523137406,0.9791864550580625,-0.005889588229457443
0.02,1.0,5,chained,multi,2000,0.7292158783477916,0.7247406543046133,0.7247406543046132,1.0061749317036344,1.0061749317036344,0.004842996446976548
0.02,1.0,5,indep,single,2000,0.7376337834606053,0.7247406543046133,0.7247406543046133,1.0177899902253487,1.0177899902253487,0.003721022847658234
0.02,1.0,5,indep,multi,2000,0.7385428626725413,0.7247406543046133,0.7247406543046133,1.0190443412908459,1.0190443412908459,-0.0138225328851285
0.02,1.0,10,chained,single,2000,0.16355366201195792,0.5124690312603676,0.1620569369082791,0.3191483817270161,1.0092357978142332,0.002973684053000858
0.02,1.0,10,chained,multi,2000,0.5235799349212915,0.5124690312603676,0.5124690312603676,1.0216811221423425,1.0216811221423425,-0.0009133189931271022
0.02,1.0,10,indep,single,2000,0.5109212245613357,0.5124690312603676,0.5124690312603676,0.9969797068610661,0.9969797068610661,-0.008409312514450904
0.02,1.0,10,indep,multi,2000,0.5039379932110681,0.5124690312603676,0.5124690312603676,0.9833530661778368,0.9833530661778368,0.012020344460945515
0.02,1.0,20,chained,single,2000,0.078573719634163,0.36237032715230666,0.08102846845413955,0.21683265363264123,0.9697051065285051,0.0014241844075435857
0.02,1.0,20,chained,multi,2000,0.3662499056282602,0.36237032715230666,0.3623703271523066,1.0107061152231787,1.0107061152231789,-0.0117480701423295
0.02,1.0,20,indep,single,2000,0.35682900163181935,0.36237032715230666,0.36237032715230666,0.9847081145853361,0.9847081145853361,-0.002441004966945073
0.02,1.0,20,indep,multi,2000,0.3648561754723705,0.36237032715230666,0.36237032715230666,1.0068599665419597,1.0068599665419597,-0.0021187015427673803
0.02,1.0,50,chained,single,2000,0.03316384536806598,0.2291831180523293,0.03241138738165582,0.1447045735737555,1.023215852427102,0.0007865480244172363
0.02,1.0,50,chained,multi,2000,0.2323379333741053,0.2291831180523293,0.2291831180523293,1.0137654786643389,1.0137654786643389,0.011030052329038715
0.02,1.0,50,indep,single,2000,0.23060278643252086,0.2291831180523293,0.2291831180523293,1.0061944718801994,1.0061944718801994,0.0023427695825636538
0.02,1.0,50,indep,multi,2000,0.22727897201145414,0.2291831180523293,0.2291831180523293,0.9916915955369785,0.9916915955369785,0.0033075194642892144
0.02,1.0,100,chained,single,2000,0.01636395026039726,0.1620569369082791,0.01620569369082791,0.10097654918443215,1.0097654918443215,4.105455912518254e-05
0.02,1.0,100,chained,multi,2000,0.1663924341417783,0.1620569369082791,0.1620569369082791,1.02675292595437,1.02675292595437,-0.004695080749768578
0.02,1.0,100,indep,single,2000,0.16513213914082106,0.1620569369082791,0.1620569369082791,1.0189760604588156,1.0189760604588156,-0.001604084020978652
0.02,1.0,100,indep,multi,2000,0.17034170743629043,0.1620569369082791,0.1620569369082791,1.0511225911464708,1.0511225911464708,-0.003622061949336387
0.02,2.0,1,chained,single,2000,0.8179517035148224,0.8102846845413955,0.8102846845413955,1.0094621299398818,1.0094621299398818,-0.024444194546026893
0.02,2.0,1,chained,multi,2000,0.8142748740415209,0.8102846845413955,0.8102846845413955,1.004924429125035,1.004924429125035,-0.0354833313846688
0.02,2.0,1,indep,single,2000,0.8139911517421436,0.8102846845413955,0.8102846845413955,1.0045742777464022,1.0045742777464022,0.003852118477173574
0.02,2.0,1,indep,multi,2000,0.8076941397096631,0.8102846845413955,0.8102846845413955,0.9968029201573783,0.9968029201573783,-0.006294989064903796
0.02,2.0,2,chained,single,2000,0.40926737924963913,0.5729577951308232,0.40514234227069773,0.7143063288914522,1.0101816980072282,-0.003908704015471148
0.02,2.0,2,chained,multi,2000,0.5726965910443738,0.5729577951308232,0.5729577951308232,0.9995441128671793,0.9995441128671793,0.020409847088039477
0.02,2.0,2,indep,single,2000,0.5743144840857946,0.5729577951308232,0.5729577951308232,1.002367868918969,1.002367868918969,0.01187215069883074
0.02,2.0,2,indep,multi,2000,0.5772028085743645,0.5729577951308232,0.5729577951308232,1.0074089461381217,1.0074089461381217,-0.002308169426944501
0.02,2.0,5,chained,single,2000,0.15473739197453423,0.36237032715230666,0.1620569369082791,0.42701452183058325,0.9548334981927521,-0.004842578232487804
0.02,2.0,5,chained,multi,2000,0.3692980012977277,0.36237032715230666,0.3623703271523066,1.0191176639650996,1.0191176639650998,0.004564575558520142
0.02,2.0,5,indep,single,2000,0.3670519077175373,0.36237032715230666,0.36237032715230666,1.0129193264857554,1.0129193264857554,-0.013090071441956749
0.02,2.0,5,indep,multi,2000,0.3633359366806324,0.36237032715230666,0.36237032715230666,1.002664703635957,1.002664703635957,-0.0019588993035636808
0.02,2.0,10,chained,single,2000,0.07845970990969914,0.2562345156301838,0.08102846845413955,0.3062027366482425,0.9682980735851587,0.0004387145095818958
0.02,2.0,10,chained,multi,2000,0.25388923413042763,0.2562345156301838,0.2562345156301838,0.9908471288733754,0.9908471288733754,0.004626124488164111
0.02,2.0,10,indep,single,2000,0.2638243927240481,0.2562345156301838,0.2562345156301838,1.0296208224532037,1.0296208224532037,-0.005779777274808568
0.02,2.0,10,indep,multi,2000,0.251015426761586,0.2562345156301838,0.2562345156301838,0.979631593129591,0.979631593129591,-0.008765773009057272
0.02,2.0,20,chained,single,2000,0.04051307637048669,0.18118516357615333,0.040514234227069776,0.22360040728974354,0.9999714209930122,0.0013520600049965576
0.02,2.0,20,chained,multi,2000,0.17845009990389452,0.18118516357615333,0.1811851635761533,0.9849045936307624,0.9849045936307625,-0.000790802442871749
0.02,2.0,20,indep,single,2000,0.18522172257578784,0.18118516357615333,0.18118516357615333,1.022278639817757,1.022278639817757,-0.002263576349256905
0.02,2.0,20,indep,multi,2000,0.1835552762750368,0.18118516357615333,0.18118516357615333,1.0130811632260788,1.0130811632260788,0.00023854078937255458
0.02,2.0,50,chained,single,2000,0.01599204067086813,0.11459155902616465,0.01620569369082791,0.13955688190974586,0.9868161755963151,-0.00029128177630862524
0.02,2.0,50,chained,multi,2000,0.11409753237426239,0.11459155902616465,0.11459155902616465,0.9956888041658508,0.9956888041658508,-0.0035227344231240046
0.02,2.0,50,indep,single,2000,0.11619160408757502,0.11459155902616465,0.11459155902616465,1.013963027250943,1.013963027250943,0.003237856046024634
0.02,2.0,50,indep,multi,2000,0.11717141879716009,0.11459155902616465,0.11459155902616465,1.0225135236218088,1.0225135236218088,-0.00017693191121674476
0.02,2.0,100,chained,single,2000,0.007924635231945492,0.08102846845413955,0.008102846845413954,0.09780062961983138,0.9780062961983137,-4.571530125380635e-05
0.02,2.0,100,chained,multi,2000,0.07994707132898493,0.08102846845413955,0.08102846845413955,0.9866541087868806,0.9866541087868806,-0.00010989330328207418
0.02,2.0,100,indep,single,2000,0.08197287811970266,0.08102846845413955,0.08102846845413955,1.0116552821937839,1.0116552821937839,-0.001005604600428151
0.02,2.0,100,indep,multi,2000,0.08221931791699588,0.08102846845413955,0.08102846845413955,1.0146966798901096,1.0146966798901096,0.001134857968369184
0.05,0.3,1,chained,single,2000,13.599349708490811,13.504744742356593,13.504744742356593,1.0070053131650463,1.0070053131650463,0.341807559013352
0.05,0.3,1,chained,multi,2000,13.464781427513593,13.504744742356593,13.504744742356593,0.9970407945055297,0.9970407945055297,0.16112381654908473
0.05,0.3,1,indep,single,2000,13.769356568061557,13.504744742356593,13.504744742356593,1.0195939894276587,1.0195939894276587,-0.4001479069132102
0.05,0.3,1,indep,multi,2000,14.014296447122286,13.504744742356593,13.504744742356593,1.0377313095868834,1.0377313095868834,-0.041461553368768625
0.05,0.3,2,chained,single,2000,6.90136886979387,9.549296585513721,6.752372371178296,0.7227096580352571,1.0220658000514824,-0.046660671981551875
0.05,0.3,2,chained,multi,2000,9.802414912662849,9.549296585513721,9.549296585513721,1.0265064892353546,1.0265064892353546,-0.25381406648829974
0.05,0.3,2,indep,single,2000,9.604620589216548,9.549296585513721,9.549296585513721,1.0057935161199991,1.0057935161199991,-0.33377559534751833
0.05,0.3,2,indep,multi,2000,9.782826853179188,9.549296585513721,9.549296585513721,1.024455232442956,1.024455232442956,-0.19696036283559637
0.05,0.3,5,chained,single,2000,2.6614155040616816,6.039505452538445,2.7009489484713187,0.44066778728431655,0.9853631278621492,0.02350268953676786
0.05,0.3,5,chained,multi,2000,6.165581229168189,6.039505452538445,6.039505452538446,1.0208751821851165,1.0208751821851163,-0.041356068041227705
0.05,0.3,5,indep,single,2000,6.003336847785033,6.039505452538445,6.039505452538445,0.9940113300604424,0.9940113300604424,0.11133101841079886
0.05,0.3,5,indep,multi,2000,6.050681498129119,6.039505452538445,6.039505452538445,1.0018504901897185,1.0018504901897185,-0.10340301525131641
0.05,0.3,10,chained,single,2000,1.336408123794019,4.270575260503064,1.3504744742356594,0.3129339824903574,0.9895841419367801,-0.02992457788625468
0.05,0.3,10,chained,multi,2000,4.3001199788551805,4.270575260503064,4.270575260503064,1.0069182057568133,1.0069182057568133,0.04080438591116979
0.05,0.3,10,indep,single,2000,4.333389891926333,4.270575260503064,4.270575260503064,1.014708704938236,1.014708704938236,0.05284838721164827
0.05,0.3,10,indep,multi,2000,4.273600020127341,4.270575260503064,4.270575260503064,1.0007082791988828,1.0007082791988828,0.039320210701302004
0.05,0.3,20,chained,single,2000,0.6980837266480155,3.0197527262692225,0.6752372371178297,0.23117247997668622,1.0338347595101587,0.001128258241719714
0.05,0.3,20,chained,multi,2000,3.0230369358731126,3.0197527262692225,3.019752726269223,1.0010875756731072,1.0010875756731072,-0.038853221374142384
0.05,0.3,20,indep,single,2000,2.9521870624450233,3.0197527262692225,3.0197527262692225,0.9776254316333796,0.9776254316333796,0.034656687299437966
0.05,0.3,20,indep,multi,2000,3.084612493562126,3.0197527262692225,3.0197527262692225,1.0214785027690114,1.0214785027690114,0.023178327357897155
0.05,0.3,50,chained,single,2000,0.27562234321307677,1.9098593171027445,0.2700948948471319,0.14431552143390108,1.02046483836384,-0.003203562997353826
0.05,0.3,50,chained,multi,2000,1.9335232321308786,1.9098593171027445,1.9098593171027445,1.0123903969345933,1.0123903969345933,0.06708766207621782
0.05,0.3,50,indep,single,2000,1.9174967500719464,1.9098593171027445,1.9098593171027445,1.0039989505513882,1.0039989505513882,0.06544243874879248
0.05,0.3,50,indep,multi,2000,1.9293693329611705,1.9098593171027445,1.9098593171027445,1.0102154204153753,1.0102154204153753,-0.048415401625642486
0.05,0.3,100,chained,single,2000,0.1338878664321987,1.3504744742356594,0.13504744742356595,0.09914135289967362,0.9914135289967362,-0.002001499672374057
0.05,0.3,100,chained,multi,2000,1.33071960136205,1.3504744742356594,1.3504744742356594,0.9853719020607256,0.9853719020607256,-0.021313634645699117
0.05,0.3,100,indep,single,2000,1.3667590808362073,1.3504744742356594,1.3504744742356594,1.0120584334700327,1.0120584334700327,-0.02614771594954847
0.05,0.3,100,indep,multi,2000,1.3686205276281347,1.3504744742356594,1.3504744742356594,1.0134367985020565,1.0134367985020565,-0.021978591855064476
0.05,0.5,1,chained,single,2000,8.005323388720154,8.102846845413957,8.102846845413957,0.9879642971718022,0.9879642971718022,0.11381544226436767
0.05,0.5,1,chained,multi,2000,8.04428000167203,8.102846845413957,8.102846845413957,0.9927720658110336,0.9927720658110336,0.0408065933346438
0.05,0.5,1,indep,single,2000,8.120917981282807,8.102846845413957,8.102846845413957,1.0022302205895792,1.0022302205895792,-0.07771470315645791
0.05,0.5,1,indep,multi,2000,8.275632154909715,8.102846845413957,8.102846845413957,1.0213240250978644,1.0213240250978644,-0.014313260829791199
0.05,0.5,2,chained,single,2000,4.019872253275873,5.729577951308233,4.0514234227069785,0.7016000632922739,0.9922123248697555,-0.06075807123375151
0.05,0.5,2,chained,multi,2000,5.7861997369449725,5.729577951308233,5.729577951308233,1.0098823658771954,1.0098823658771954,-0.11805398711682855
0.05,0.5,2,indep,single,2000,5.8459560160420745,5.729577951308233,5.729577951308233,1.0203118040670462,1.0203118040670462,-0.2228684359414517
0.05,0.5,2,indep,multi,2000,5.8280169329542435,5.729577951308233,5.729577951308233,1.0171808434203315,1.0171808434203315,-0.08431530639741336
0.05,0.5,5,chained,single,2000,1.6163717238335447,3.623703271523067,1.6205693690827911,0.4460552100211485,0.9974097713252335,-0.034755719197951826
0.05,0.5,5,chained,multi,2000,3.639603182301463,3.623703271523067,3.6237032715230666,1.004387751862396,1.0043877518623963,-0.0360341359549718
0.05,0.5,5,indep,single,2000,3.663366363302993,3.623703271523067,3.623703271523067,1.0109454579495012,1.0109454579495012,0.16343620811878873
0.05,0.5,5,indep,multi,2000,3.5964814397378992,3.623703271523067,3.623703271523067,0.9924878419270443,0.9924878419270443,-0.0495484896549687
0.05,0.5,10,chained,single,2000,0.8306920384464253,2.562345156301838,0.8102846845413956,0.3241920927020387,1.0251854123548934,-0.009825044741871397
0.05,0.5,10,chained,multi,2000,2.575166170086506,2.562345156301838,2.562345156301838,1.005003624805634,1.005003624805634,-0.030983750617470333
0.05,0.5,10,indep,single,2000,2.539647985912393,2.562345156301838,2.562345156301838,0.9911420323941825,0.9911420323941825,-0.10608370699472272
0.05,0.5,10,indep,multi,2000,2.5514103314516894,2.562345156301838,2.562345156301838,0.9957324934061849,0.9957324934061849,0.0010525127192411905
0.05,0.5,20,chained,single,2000,0.40849912888675083,1.8118516357615335,0.4051423422706978,0.22545948069034685,1.0082854499908336,-0.01071956855714381
0.05,0.5,20,chained,multi,2000,1.8037653876323636,1.8118516357615335,1.8118516357615333,0.9955370252345351,0.9955370252345354,0.07452563077752172
0.05,0.5,20,indep,single,2000,1.8207943581836605,1.8118516357615335,1.8118516357615335,1.0049356814021742,1.0049356814021742,0.019272550316416177
0.05,0.5,20,indep,multi,2000,1.7539092142237462,1.8118516357615335,1.8118516357615335,0.9680203277166048,0.9680203277166048,-0.03388090814874941
0.05,0.5,50,chained,single,2000,0.16247601628152103,1.1459155902616465,0.16205693690827913,0.14178707198182278,1.0025860008293201,0.004178973893363427
0.05,0.5,50,chained,multi,2000,1.1514498480619444,1.1459155902616465,1.1459155902616465,1.0048295510134688,1.0048295510134688,0.017139570810644097
0.05,0.5,50,indep,single,2000,1.1287397526205882,1.1459155902616465,1.1459155902616465,0.9850112540687779,0.9850112540687779,-0.0460505002785512
0.05,0.5,50,indep,multi,2000,1.1332375616508197,1.1459155902616465,1.1459155902616465,0.9889363329039514,0.9889363329039514,-0.039802715471341475
0.05,0.5,100,chained,single,2000,0.08107231111131259,0.8102846845413956,0.08102846845413957,0.10005410772042156,1.0005410772042156,-0.0008324805804701055
0.05,0.5,100,chained,multi,2000,0.8195741897901704,0.8102846845413956,0.8102846845413955,1.011464495659365,1.011464495659365,0.007166691428413954
0.05,0.5,100,indep,single,2000,0.8189497415559837,0.8102846845413956,0.8102846845413956,1.0106938427689673,1.0106938427689673,-0.00010960878143619998
0.05,0.5,100,indep,multi,2000,0.7926452428560763,0.8102846845413956,0.8102846845413956,0.9782305626382376,0.9782305626382376,0.008408849468603732
0.05,1.0,1,chained,single,2000,4.118429382500243,4.0514234227069785,4.0514234227069785,1.0165388686400234,1.0165388686400234,0.12732485759534484
0.05,1.0,1,chained,multi,2000,4.204220170810523,4.0514234227069785,4.0514234227069785,1.0377143369530735,1.0377143369530735,0.025694457830966775
0.05,1.0,1,indep,single,2000,3.933199518796581,4.0514234227069785,4.0514234227069785,0.9708191685796679,0.9708191685796679,0.04595598397251515
0.05,1.0,1,indep,multi,2000,4.042573365851244,4.0514234227069785,4.0514234227069785,0.997815568521885,0.997815568521885,0.06550982710665132
0.05,1.0,2,chained,single,2000,2.0309270848486167,2.8647889756541165,2.0257117113534893,0.7089272899707721,1.0025745882130697,0.034574237445283935
0.05,1.0,2,chained,multi,2000,2.884120418930202,2.8647889756541165,2.8647889756541165,1.0067479466866043,1.0067479466866043,0.009685815090169463
0.05,1.0,2,indep,single,2000,2.849907190349949,2.8647889756541165,2.8647889756541165,0.9948052769573476,0.9948052769573476,-0.00265052082680236
0.05,1.0,2,indep,multi,2000,2.832433202063759,2.8647889756541165,2.8647889756541165,0.9887057043763687,0.9887057043763687,-0.025020125336844168
0.05,1.0,5,chained,single,2000,0.8161448459895659,1.8118516357615335,0.8102846845413956,0.45044794500877255,1.0072322253647026,-0.0025561471498440984
0.05,1.0,5,chained,multi,2000,1.8366871726758067,1.8118516357615335,1.8118516357615333,1.0137072685335158,1.013707268533516,-0.058492686092690246
0.05,1.0,5,indep,single,2000,1.8217855143232797,1.8118516357615335,1.8118516357615335,1.005482721855187,1.005482721855187,0.03154078441505822
0.05,1.0,5,indep,multi,2000,1.8477278157283925,1.8118516357615335,1.8118516357615335,1.0198008375844636,1.0198008375844636,0.03490486347140573
0.05,1.0,10,chained,single,2000,0.4106272760755459,1.281172578150919,0.4051423422706978,0.3205089486602913,1.013538288232493,0.014010237331044676
0.05,1.0,10,chained,multi,2000,1.3137588112845557,1.281172578150919,1.281172578150919,1.0254346945051442,1.0254346945051442,0.005334696579833648
0.05,1.0,10,indep,single,2000,1.2856173131115582,1.281172578150919,1.281172578150919,1.0034692710696744,1.0034692710696744,-0.05194003199461374
0.05,1.0,10,indep,multi,2000,1.2582715384594985,1.281172578150919,1.281172578150919,0.9821249376688401,0.9821249376688401,0.027411781905375278
0.05,1.0,20,chained,single,2000,0.20402734664293093,0.9059258178807668,0.2025711711353489,0.2252141870955972,1.0071884636862225,-0.007223219475888028
0.05,1.0,20,chained,multi,2000,0.8974687142549692,0.9059258178807668,0.9059258178807666,0.9906646841729477,0.990664684172948,-0.03535013202338279
0.05,1.0,20,indep,single,2000,0.930419275389342,0.9059258178807668,0.9059258178807668,1.0270369350614963,1.0270369350614963,0.017048624963184763
0.05,1.0,20,indep,multi,2000,0.8984121297763978,0.9059258178807668,0.9059258178807668,0.9917060669250538,0.9917060669250538,-0.004967396421230886
0.05,1.0,50,chained,single,2000,0.08018056921467591,0.5729577951308232,0.08102846845413957,0.13994149289192986,0.9895357859325264,0.0014142983072720126
0.05,1.0,50,chained,multi,2000,0.5747178378525594,0.5729577951308232,0.5729577951308232,1.0030718540470058,1.0030718540470058,-0.0030600474929945334
0.05,1.0,50,indep,single,2000,0.5658785133864761,0.5729577951308232,0.5729577951308232,0.9876443224884816,0.9876443224884816,0.007784213864655307
0.05,1.0,50,indep,multi,2000,0.5733278925790567,0.5729577951308232,0.5729577951308232,1.0006459419024905,1.0006459419024905,-0.002135139522656464
0.05,1.0,100,chained,single,2000,0.0406961401204188,0.4051423422706978,0.04051423422706978,0.10044899254995045,1.0044899254995043,0.0003131605824183973
0.05,1.0,100,chained,multi,2000,0.40376015039717494,0.4051423422706978,0.40514234227069773,0.9965883796154802,0.9965883796154803,0.0016642127144012816
0.05,1.0,100,indep,single,2000,0.4172662493088522,0.4051423422706978,0.4051423422706978,1.0299250554020192,1.0299250554020192,4.461369416238856e-05
0.05,1.0,100,indep,multi,2000,0.39726015894434563,0.4051423422706978,0.4051423422706978,0.9805446567688408,0.9805446567688408,-0.006314148911589316
0.05,2.0,1,chained,single,2000,1.9611865738003467,2.0257117113534893,2.0257117113534893,0.9681469296980914,0.9681469296980914,0.027172277410119572
0.05,2.0,1,chained,multi,2000,2.046718828559184,2.0257117113534893,2.0257117113534893,1.0103702402903416,1.0103702402903416,0.042229190449147636
0.05,2.0,1,indep,single,2000,1.9982417259440013,2.0257117113534893,2.0257117113534893,0.9864393411680809,0.9864393411680809,-0.12683357217424393
0.05,2.0,1,indep,multi,2000,2.0733614932517934,2.0257117113534893,2.0257117113534893,1.0235224892225494,1.0235224892225494,0.005533777881624387
0.05,2.0,2,chained,single,2000,1.0160406128690826,1.4323944878270582,1.0128558556767446,0.7093301611418624,1.0031443340871147,-0.0013703228811099205
0.05,2.0,2,chained,multi,2000,1.3936031335215744,1.4323944878270582,1.4323944878270582,0.9729185258424652,0.9729185258424652,0.02294503416383829
0.05,2.0,2,indep,single,2000,1.3916037971456137,1.4323944878270582,1.4323944878270582,0.971522725737849,0.971522725737849,-0.007500943129508096
0.05,2.0,2,indep,multi,2000,1.4233717298867792,1.4323944878270582,1.4323944878270582,0.9937009266532668,0.9937009266532668,-0.0024788694983172645
0.05,2.0,5,chained,single,2000,0.4113048925886678,0.9059258178807668,0.4051423422706978,0.4540160843973227,1.0152108275906953,-0.0031316095214011246
0.05,2.0,5,chained,multi,2000,0.9035073468349266,0.9059258178807668,0.9059258178807666,0.9973303873252032,0.9973303873252034,-0.011085650144459813
0.05,2.0,5,indep,single,2000,0.8843943674020048,0.9059258178807668,0.9059258178807668,0.9762326560809024,0.9762326560809024,0.0056563986452651555
0.05,2.0,5,indep,multi,2000,0.8891120478780338,0.9059258178807668,0.9059258178807668,0.9814402353141172,0.9814402353141172,0.023704361066670156
0.05,2.0,10,chained,single,2000,0.20564361214946422,0.6405862890754594,0.2025711711353489,0.32102406132710704,1.0151672175112345,-0.004591795986271501
0.05,2.0,10,chained,multi,2000,0.6419179291728052,0.6405862890754594,0.6405862890754594,1.0020787833271732,1.0020787833271732,0.028571152277737464
0.05,2.0,10,indep,single,2000,0.6355097697593464,0.6405862890754594,0.6405862890754594,0.9920751982946124,0.9920751982946124,0.009307008376587553
0.05,2.0,10,indep,multi,2000,0.6463146581581976,0.6405862890754594,0.6405862890754594,1.0089423847816126,1.0089423847816126,0.03178922522440735
0.05,2.0,20,chained,single,2000,0.09954773711062163,0.4529629089403834,0.10128558556767445,0.2197701735523859,0.9828420949801226,0.004447752511431966
0.05,2.0,20,chained,multi,2000,0.448139987915667,0.4529629089403834,0.4529629089403833,0.989352503417998,0.9893525034179982,0.009024208808062088
0.05,2.0,20,indep,single,2000,0.45770370087895157,0.4529629089403834,0.4529629089403834,1.0104661813252178,1.0104661813252178,-0.016415092666589585
0.05,2.0,20,indep,multi,2000,0.4472982907803745,0.4529629089403834,0.4529629089403834,0.9874943001994133,0.9874943001994133,0.0024800572191819416
0.05,2.0,50,chained,single,2000,0.04060612675802197,0.2864788975654116,0.04051423422706978,0.14174212168193082,1.0022681542106204,-0.0003202633822465572
0.05,2.0,50,chained,multi,2000,0.2887187551426626,0.2864788975654116,0.2864788975654116,1.0078185778997546,1.0078185778997546,-0.00777571216514159
0.05,2.0,50,indep,single,2000,0.29094257107755417,0.2864788975654116,0.2864788975654116,1.0155811599041893,1.0155811599041893,-0.0033465737559525894
0.05,2.0,50,indep,multi,2000,0.27977664986162626,0.2864788975654116,0.2864788975654116,0.9766047420569431,0.9766047420569431,-0.008489175521358026
0.05,2.0,100,chained,single,2000,0.02074871401049022,0.2025711711353489,0.02025711711353489,0.10242678607326049,1.0242678607326048,-0.0006763530698586216
0.05,2.0,100,chained,multi,2000,0.2049880388498431,0.2025711711353489,0.20257117113534887,1.0119309559250134,1.0119309559250134,0.0008896389334786791
0.05,2.0,100,indep,single,2000,0.20175150365772912,0.2025711711353489,0.2025711711353489,0.9959536814985774,0.9959536814985774,-0.0024170165086035904
0.05,2.0,100,indep,multi,2000,0.202321976252227,0.2025711711353489,0.2025711711353489,0.9987698403394459,0.9987698403394459,0.00018455621264309625
0.1,0.3,1,chained,single,2000,32.01020957380687,27.009489484713185,27.009489484713185,1.185146783019501,1.185146783019501,-0.09600264068361651
0.1,0.3,1,chained,multi,2000,33.383904876537954,27.009489484713185,27.009489484713185,1.2360065115422694,1.2360065115422694,-0.29794222242106955
0.1,0.3,1,indep,single,2000,31.450993185562094,27.009489484713185,27.009489484713185,1.1644423417689072,1.1644423417689072,0.6859025273850857
0.1,0.3,1,indep,multi,2000,33.606776242338675,27.009489484713185,27.009489484713185,1.2442581064466034,1.2442581064466034,-0.7864733085791582
0.1,0.3,2,chained,single,2000,13.444018955146138,19.098593171027442,13.504744742356593,0.7039271864034838,0.9955033739349406,-0.5066042311849241
0.1,0.3,2,chained,multi,2000,21.3592173192906,19.098593171027442,19.098593171027442,1.1183660036118537,1.1183660036118537,0.4866231370383037
0.1,0.3,2,indep,single,2000,20.550724791402043,19.098593171027442,19.098593171027442,1.0760334338435715,1.0760334338435715,-0.020371767419565538
0.1,0.3,2,indep,multi,2000,20.74539543837259,19.098593171027442,19.098593171027442,1.086226365083442,1.086226365083442,0.6501327101885458
0.1,0.3,5,chained,single,2000,5.353069212789156,12.07901090507689,5.4018978969426374,0.4431711548947459,0.9909608280117405,0.0766555141815739
0.1,0.3,5,chained,multi,2000,12.27697836866457,12.07901090507689,12.079010905076892,1.0163893770063965,1.0163893770063963,0.3519712127212609
0.1,0.3,5,indep,single,2000,12.21364420322552,12.07901090507689,12.07901090507689,1.0111460531997734,1.0111460531997734,0.31007450481284476
0.1,0.3,5,indep,multi,2000,12.407806813197176,12.07901090507689,12.07901090507689,1.0272204330887797,1.0272204330887797,-0.2472093032967846
0.1,0.3,10,chained,single,2000,2.7050075810416425,8.541150521006127,2.7009489484713187,0.31670295171463614,1.001502669116579,0.04583220253343953
0.1,0.3,10,chained,multi,2000,8.6369932679122,8.541150521006127,8.541150521006127,1.0112212923388197,1.0112212923388197,0.05593674987214566
0.1,0.3,10,indep,single,2000,8.547098986326866,8.541150521006127,8.541150521006127,1.0006964477802036,1.0006964477802036,0.312399054763207
0.1,0.3,10,indep,multi,2000,8.615823499950078,8.541150521006127,8.541150521006127,1.0087427307082695,1.0087427307082695,0.3248711247300388
0.1,0.3,20,chained,single,2000,1.3516710858543777,6.039505452538445,1.3504744742356594,0.22380492847907957,1.000886067557401,-0.0480229636024677
0.1,0.3,20,chained,multi,2000,5.873169801387927,6.039505452538445,6.039505452538446,0.972458729864942,0.9724587298649419,-0.06430687163004467
0.1,0.3,20,indep,single,2000,6.228470211525291,6.039505452538445,6.039505452538445,1.0312881179546618,1.0312881179546618,-0.09441098093804234
0.1,0.3,20,indep,multi,2000,6.007245052915975,6.039505452538445,6.039505452538445,0.9946584368743453,0.9946584368743453,-0.23912107589971335
0.1,0.3,50,chained,single,2000,0.537395071865333,3.819718634205489,0.5401897896942638,0.14068970082062407,0.9948264149336986,-0.010664861016670045
0.1,0.3,50,chained,multi,2000,3.788373170380755,3.819718634205489,3.819718634205489,0.9917937767604043,0.9917937767604043,0.052109747675720935
0.1,0.3,50,indep,single,2000,3.802820087214055,3.819718634205489,3.819718634205489,0.9955759707429475,0.9955759707429475,-0.09065373539635754
0.1,0.3,50,indep,multi,2000,3.8090204668726657,3.819718634205489,3.819718634205489,0.997199226341694,0.997199226341694,0.06977949536044127
0.1,0.3,100,chained,single,2000,0.2671909888235252,2.7009489484713187,0.2700948948471319,0.09892485712280855,0.9892485712280855,-0.009108835587006663
0.1,0.3,100,chained,multi,2000,2.721327109639676,2.7009489484713187,2.7009489484713187,1.0075448153804947,1.0075448153804947,0.03988464137783153
0.1,0.3,100,indep,single,2000,2.656217279417692,2.7009489484713187,2.7009489484713187,0.9834385358971913,0.9834385358971913,-0.08190858519761102
0.1,0.3,100,indep,multi,2000,2.719121768403317,2.7009489484713187,2.7009489484713187,1.006728309301175,1.006728309301175,0.017265873492340794
0.1,0.5,1,chained,single,2000,17.271038019699624,16.205693690827914,16.205693690827914,1.0657388908612209,1.0657388908612209,-0.3365298358274884
0.1,0.5,1,chained,multi,2000,16.833230940547693,16.205693690827914,16.205693690827914,1.0387232574977616,1.0387232574977616,-0.49259678995009615
0.1,0.5,1,indep,single,2000,17.067247393881345,16.205693690827914,16.205693690827914,1.053163642327823,1.053163642327823,-0.935344293864858
0.1,0.5,1,indep,multi,2000,17.110752999898505,16.205693690827914,16.205693690827914,1.0558482300318213,1.0558482300318213,0.027431590155873695
0.1,0.5,2,chained,single,2000,8.555616324643893,11.459155902616466,8.102846845413957,0.74661837201206,1.055877827616376,-0.05353086614414411
0.1,0.5,2,chained,multi,2000,11.798535507912804,11.459155902616466,11.459155902616466,1.0296164576326994,1.0296164576326994,-0.2986648748201003
0.1,0.5,2,indep,single,2000,11.603676732693959,11.459155902616466,11.459155902616466,1.0126118216128377,1.0126118216128377,0.03945893746633021
0.1,0.5,2,indep,multi,2000,11.568504312228661,11.459155902616466,11.459155902616466,1.0095424488977611,1.0095424488977611,-0.33296026766944564
0.1,0.5,5,chained,single,2000,3.266230546270003,7.247406543046134,3.2411387381655823,0.4506757730327605,1.007741664313519,-0.07370425589740319
0.1,0.5,5,chained,multi,2000,7.241699562496811,7.247406543046134,7.247406543046133,0.9992125485833551,0.9992125485833553,-0.25503574960080555
0.1,0.5,5,indep,single,2000,7.428996645967838,7.247406543046134,7.247406543046134,1.0250558736898703,1.0250558736898703,0.3926100062178273
0.1,0.5,5,indep,multi,2000,7.209463751274298,7.247406543046134,7.247406543046134,0.9947646386957218,0.9947646386957218,0.09469777014365516
0.1,0.5,10,chained,single,2000,1.5908110273645208,5.124690312603676,1.6205693690827911,0.3104209094258977,0.9816371071266681,0.01986211119753657
0.1,0.5,10,chained,multi,2000,5.271971968773222,5.124690312603676,5.124690312603676,1.0287396207742197,1.0287396207742197,0.09474026296682721
0.1,0.5,10,indep,single,2000,5.304986774033627,5.124690312603676,5.124690312603676,1.0351819232835455,1.0351819232835455,-0.06143526575827811
0.1,0.5,10,indep,multi,2000,5.0604139095367096,5.124690312603676,5.124690312603676,0.9874575049132461,0.9874575049132461,0.27349694183438267
0.1,0.5,20,chained,single,2000,0.8134373191729117,3.623703271523067,0.8102846845413956,0.22447680127821792,1.003890774059614,0.009559131711894753
0.1,0.5,20,chained,multi,2000,3.680480376573778,3.623703271523067,3.6237032715230666,1.015668254488963,1.0156682544889633,-0.005711261881189506
0.1,0.5,20,indep,single,2000,3.6312027563265583,3.623703271523067,3.623703271523067,1.0020695637146744,1.0020695637146744,-0.10587547165247403
0.1,0.5,20,indep,multi,2000,3.6213868316355815,3.623703271523067,3.623703271523067,0.9993607534298712,0.9993607534298712,-0.023864529480385428
0.1,0.5,50,chained,single,2000,0.32260914952920455,2.291831180523293,0.32411387381655826,0.14076479640858333,0.9953574209285304,0.0015423549108891323
0.1,0.5,50,chained,multi,2000,2.2546752941194614,2.291831180523293,2.291831180523293,0.9837876861439037,0.9837876861439037,-0.0472252671716184
0.1,0.5,50,indep,single,2000,2.2477590410569426,2.291831180523293,2.291831180523293,0.9807699014478511,0.9807699014478511,-0.05993937416488791
0.1,0.5,50,indep,multi,2000,2.3645904277099454,2.291831180523293,2.291831180523293,1.0317472106169876,1.0317472106169876,-0.002218936895713553
0.1,0.5,100,chained,single,2000,0.16102078894903424,1.6205693690827911,0.16205693690827913,0.09936062720978656,0.9936062720978657,0.002757033761903609
0.1,0.5,100,chained,multi,2000,1.5631739049537892,1.6205693690827911,1.620569369082791,0.96458314884633,0.9645831488463301,-0.00859356517673331
0.1,0.5,100,indep,single,2000,1.570661197402797,1.6205693690827911,1.6205693690827911,0.9692033104955938,0.9692033104955938,0.02473920146724998
0.1,0.5,100,indep,multi,2000,1.64325809582968,1.6205693690827911,1.6205693690827911,1.0140004662433737,1.0140004662433737,0.08536651348002171
0.1,1.0,1,chained,single,2000,8.450560938062505,8.102846845413957,8.102846845413957,1.042912583599596,1.042912583599596,0.15708773868093454
0.1,1.0,1,chained,multi,2000,8.237880241486069,8.102846845413957,8.102846845413957,1.0166649325413992,1.0166649325413992,-0.24075664308790962
0.1,1.0,1,indep,single,2000,8.327286780129146,8.102846845413957,8.102846845413957,1.0276988987940971,1.0276988987940971,-0.021275079005315462
0.1,1.0,1,indep,multi,2000,8.363766842025155,8.102846845413957,8.102846845413957,1.0322010278102287,1.0322010278102287,0.2074142968972453
0.1,1.0,2,chained,single,2000,3.855783205093364,5.729577951308233,4.0514234227069785,0.6729611217197898,0.9517107452859379,0.09067663113876731
0.1,1.0,2,chained,multi,2000,6.031420065247614,5.729577951308233,5.729577951308233,1.0526813870942209,1.0526813870942209,0.05304749096121777
0.1,1.0,2,indep,single,2000,5.871636455691514,5.729577951308233,5.729577951308233,1.0247938863194705,1.0247938863194705,0.09554784627950412
0.1,1.0,2,indep,multi,2000,5.822333092283501,5.729577951308233,5.729577951308233,1.0161888260816994,1.0161888260816994,-0.180263134343654
0.1,1.0,5,chained,single,2000,1.6412447190870239,3.623703271523067,1.6205693690827911,0.4529191813206045,1.0127580777464247,-0.01563684887283406
0.1,1.0,5,chained,multi,2000,3.5152799503515895,3.623703271523067,3.6237032715230666,0.9700794151597554,0.9700794151597556,-0.05157168730925658
0.1,1.0,5,indep,single,2000,3.523371756532607,3.623703271523067,3.623703271523067,0.9723124363468396,0.9723124363468396,-0.009134696672194072
0.1,1.0,5,indep,multi,2000,3.681409260595176,3.623703271523067,3.623703271523067,1.0159245900528313,1.0159245900528313,-0.07361639593060339
0.1,1.0,10,chained,single,2000,0.8130192282005464,2.562345156301838,0.8102846845413956,0.3172949694934755,1.003374793713025,0.03055987326019393
0.1,1.0,10,chained,multi,2000,2.6199808758152137,2.562345156301838,2.562345156301838,1.022493347303983,1.022493347303983,-0.09241149958546813
0.1,1.0,10,indep,single,2000,2.5788828970171496,2.562345156301838,2.562345156301838,1.006454142477503,1.006454142477503,-0.020306187291505438
0.1,1.0,10,indep,multi,2000,2.5487903269745944,2.562345156301838,2.562345156301838,0.9947099908480687,0.9947099908480687,-0.04085288154601508
0.1,1.0,20,chained,single,2000,0.4173187681884834,1.8118516357615335,0.4051423422706978,0.23032722986343274,1.0300546860877104,-0.002385439295643801
0.1,1.0,20,chained,multi,2000,1.830503935815613,1.8118516357615335,1.8118516357615333,1.0102946067359648,1.010294606735965,0.000786264709262002
0.1,1.0,20,indep,single,2000,1.7595201076835878,1.8118516357615335,1.8118516357615335,0.97111710084587,0.97111710084587,0.07156738723508298
0.1,1.0,20,indep,multi,2000,1.789883169794612,1.8118516357615335,1.8118516357615335,0.9878751297659711,0.9878751297659711,-0.030079535800592524
0.1,1.0,50,chained,single,2000,0.160531975323466,1.1459155902616465,0.16205693690827913,0.14009057620623855,0.9905899641576207,0.00024910373603150926
0.1,1.0,50,chained,multi,2000,1.1459236904201777,1.1459155902616465,1.1459155902616465,1.0000070687218152,1.0000070687218152,0.061731005204965404
0.1,1.0,50,indep,single,2000,1.1559000526876269,1.1459155902616465,1.1459155902616465,1.008713087168751,1.008713087168751,-0.011549117118113614
0.1,1.0,50,indep,multi,2000,1.162508879044666,1.1459155902616465,1.1459155902616465,1.0144803761498966,1.0144803761498966,-0.01712760530501312
0.1,1.0,100,chained,single,2000,0.08154147668668517,0.8102846845413956,0.08102846845413957,0.10063312097875324,1.0063312097875323,-0.001829636047269428
0.1,1.0,100,chained,multi,2000,0.8130724328091339,0.8102846845413956,0.8102846845413955,1.003440455337393,1.0034404553373932,0.02982377563635704
0.1,1.0,100,indep,single,2000,0.8040421068085464,0.8102846845413956,0.8102846845413956,0.9922958216390547,0.9922958216390547,-0.0007684124075976456
0.1,1.0,100,indep,multi,2000,0.8215204705268743,0.8102846845413956,0.8102846845413956,1.013866467181023,1.013866467181023,0.029305372505099462
0.1,2.0,1,chained,single,2000,4.068949142933892,4.0514234227069785,4.0514234227069785,1.004325817965283,1.004325817965283,0.11582586869603617
0.1,2.0,1,chained,multi,2000,4.10027192432074,4.0514234227069785,4.0514234227069785,1.012057120798577,1.012057120798577,-0.014468401763110322
0.1,2.0,1,indep,single,2000,4.083365755176118,4.0514234227069785,4.0514234227069785,1.0078842246628956,1.0078842246628956,-0.05165042421604437
0.1,2.0,1,indep,multi,2000,4.1935545156198275,4.0514234227069785,4.0514234227069785,1.0350817670935721,1.0350817670935721,-0.008202437523163094
0.1,2.0,2,chained,single,2000,1.985981946602876,2.8647889756541165,2.0257117113534893,0.693238477067728,0.9803872562280506,-0.023206522883694593
0.1,2.0,2,chained,multi,2000,2.8237354060524615,2.8647889756541165,2.8647889756541165,0.9856696008150895,0.9856696008150895,-0.03692165373590844
0.1,2.0,2,indep,single,2000,2.897692919230059,2.8647889756541165,2.8647889756541165,1.0114856430458126,1.0114856430458126,0.08007093919022854
0.1,2.0,2,indep,multi,2000,2.8331591879080262,2.8647889756541165,2.8647889756541165,0.9889591212424754,0.9889591212424754,-0.07686428276133962
0.1,2.0,5,chained,single,2000,0.8241670727139915,1.8118516357615335,0.8102846845413956,0.4548755849799967,1.017132729320255,-0.004919573413046044
0.1,2.0,5,chained,multi,2000,1.8597945959752442,1.8118516357615335,1.8118516357615333,1.0264607538870365,1.0264607538870367,0.028773811083449917
0.1,2.0,5,indep,single,2000,1.8526455053878554,1.8118516357615335,1.8118516357615335,1.0225150165836707,1.0225150165836707,0.007716284138347302
0.1,2.0,5,indep,multi,2000,1.8213709264282785,1.8118516357615335,1.8118516357615335,1.0052539018531415,1.0052539018531415,0.059521699338304174
0.1,2.0,10,chained,single,2000,0.4119089532896275,1.281172578150919,0.4051423422706978,0.32150934254628233,1.0167018114695316,0.005128623250007385
0.1,2.0,10,chained,multi,2000,1.3031135430902803,1.281172578150919,1.281172578150919,1.0171256904132526,1.0171256904132526,-0.00011084599640742856
0.1,2.0,10,indep,single,2000,1.2983169408545023,1.281172578150919,1.281172578150919,1.0133817746304932,1.0133817746304932,0.046946438088036536
0.1,2.0,10,indep,multi,2000,1.2568668274414583,1.281172578150919,1.281172578150919,0.981028511596353,0.981028511596353,0.02459041425987715
0.1,2.0,20,chained,single,2000,0.20423719286425032,0.9059258178807668,0.2025711711353489,0.22544582440759067,1.008224377237708,-0.0029926156197055604
0.1,2.0,20,chained,multi,2000,0.8818230488796696,0.9059258178807668,0.9059258178807666,0.9733943237676117,0.9733943237676119,0.013268484728316017
0.1,2.0,20,indep,single,2000,0.9162120900193259,0.9059258178807668,0.9059258178807668,1.011354430942946,1.011354430942946,-0.007519557447364527
0.1,2.0,20,indep,multi,2000,0.8942782264780262,0.9059258178807668,0.9059258178807668,0.9871428861250606,0.9871428861250606,0.023479702048113723
0.1,2.0,50,chained,single,2000,0.07880285146480542,0.5729577951308232,0.08102846845413957,0.1375369218020891,0.9725329006978111,0.0028044869281422607
0.1,2.0,50,chained,multi,2000,0.5529253281519387,0.5729577951308232,0.5729577951308232,0.9650367493921425,0.9650367493921425,-0.004653576567499561
0.1,2.0,50,indep,single,2000,0.5819934623996428,0.5729577951308232,0.5729577951308232,1.0157702143955585,1.0157702143955585,-0.01655299051895726
0.1,2.0,50,indep,multi,2000,0.5689375522270242,0.5729577951308232,0.5729577951308232,0.9929833524598769,0.9929833524598769,0.004716465151634971
0.1,2.0,100,chained,single,2000,0.04070522870581048,0.4051423422706978,0.04051423422706978,0.10047142561715529,1.0047142561715527,0.0001043414956393174
0.1,2.0,100,chained,multi,2000,0.4048294793301933,0.4051423422706978,0.40514234227069773,0.9992277703220281,0.9992277703220283,0.010162125206099203
0.1,2.0,100,indep,single,2000,0.4119982805008765,0.4051423422706978,0.4051423422706978,1.0169222949932937,1.0169222949932937,-0.006629737377115784
0.1,2.0,100,indep,multi,2000,0.4132369759590253,0.4051423422706978,0.4051423422706978,1.019979727724729,1.019979727724729,0.020524778147775195
